[{"first_name":"federico","last_name":"arevalo","email":"fede@gmail.com","gender":"Masculino","id":14,"active":"true","profesion":"Carpintero"},{"first_name":"fabian","last_name":"arevalo","email":"fabian@gmail.com","gender":"Masculino","id":2,"active":"true","profesion":"Conductor"},{"first_name":"sebastian","last_name":"arevalo","email":"seba@gmail.com","gender":"Masculino","id":15,"active":"true","profesion":"Herrero"},{"first_name":"rocio","last_name":"arevalo","email":"rocio@gmail.com","gender":"Femenino","id":16,"active":false,"profesion":"Herrero"},{"first_name":"juan","last_name":"perez","email":"juam@gmail.com","gender":"Femenino","id":17,"active":"true","profesion":"Carpintero"},{"first_name":"bfvf","last_name":"tert","email":"rgrg@gmail.com","gender":"Masculino","id":18,"active":"true","profesion":"Herrero"}]