[{"id":100,"nombre":"Clark","apellido":"Kent","alias":"Superman","edad":29,"lado":"Heroe","active":"true","created_dttm":"10/9/2018, 7:44:43 AM"},{"id":101,"nombre":"Oswald","apellido":"Cobblepot","alias":"Pinguino","edad":48,"lado":"Villano","active":"true","created_dttm":"10/9/2018, 7:46:38 AM"},{"id":"120","nombre":"Maicol","apellido":"Recor","alias":"kingR","edad":"40","lado":"Villano","active":false,"created_dttm":"2018-10-23 08:31:22"},{"id":"121","nombre":"Nahuel","apellido":"Ibaniez","alias":"Negro3k","edad":"15","lado":"Heroe","active":false,"created_dttm":"2018-10-23 12:30:34"},{"id":"123","nombre":"Federico","apellido":"Arevalo","alias":"itsjustfede","edad":"20","lado":"Heroe","active":false,"created_dttm":"2018-10-23 12:43:20"},{"id":"213","nombre":"fefe","apellido":"efeffe","alias":"sksksk","edad":"22","lado":"Heroe","active":false,"created_dttm":"2018-10-23 12:58:50"},{"id":"122","nombre":"Federico","apellido":"Arevalo","alias":"Fefito","edad":"20","lado":"Heroe","active":false,"created_dttm":"2018-10-23 14:53:02"},{"id":"222","nombre":"Federico","apellido":"Arevalo","alias":"Fede","edad":"20","lado":"Heroe","active":"true","created_dttm":"2018-11-20 20:52:59"}]